{"initial_reset_timestamp": 1598361461.352146, "timestamps": [1598361488.7054017, 1598361520.9709282, 1598361550.093438, 1598361571.4846675, 1598361589.6295583, 1598361612.9865718, 1598361633.8294606, 1598361649.2854466, 1598361663.0648766, 1598361688.9128942, 1598361714.1466646, 1598361737.0058727, 1598361761.3752847, 1598361782.8776877, 1598361801.007089, 1598361815.4388335, 1598361829.3005893, 1598361849.0392592, 1598361872.404402, 1598361891.6166284, 1598361910.0987027, 1598361932.7248015, 1598361946.253308, 1598361957.9881976, 1598361981.2320702, 1598361996.8231826, 1598362018.658966, 1598362031.2350154, 1598362043.5846822, 1598362059.2532477, 1598362078.3425858, 1598362100.3163283, 1598362120.6277864, 1598362140.3080952, 1598362158.9647954, 1598362184.5935783, 1598362196.1284523, 1598362217.3265324, 1598362244.7380278, 1598362261.587848, 1598362273.9684598, 1598362297.4969335, 1598362321.556286, 1598362333.3248384, 1598362346.2793598, 1598362358.1451507, 1598362377.3036582, 1598362399.689725, 1598362412.9560518, 1598362439.5244749, 1598362454.3023531, 1598362474.758899, 1598362500.2427382, 1598362515.327779, 1598362538.6427536, 1598362557.4389205, 1598362584.0558333, 1598362598.535984, 1598362615.0251963, 1598362627.2812107, 1598362648.1193006, 1598362665.5777082, 1598362683.602043, 1598362696.963798, 1598362714.865553, 1598362728.4760468, 1598362740.887474, 1598362754.278417, 1598362779.2615716, 1598362793.5119052, 1598362818.9239006, 1598362841.6187043, 1598362860.959472, 1598362884.4538968, 1598362903.6655633, 1598362928.0428436, 1598362941.6520963, 1598362956.4893477, 1598362981.1032212, 1598363006.4054646, 1598363022.8711677, 1598363049.58003, 1598363070.2669554, 1598363089.262499, 1598363114.3959048, 1598363127.1185973, 1598363143.9146612, 1598363156.3700728, 1598363170.0048304, 1598363186.522122, 1598363200.6700337, 1598363218.7284598, 1598363234.868132, 1598363255.4930317, 1598363267.8326614, 1598363289.6334908, 1598363317.067905, 1598363341.4072192, 1598363364.7264285, 1598363377.0337508, 1598363399.1444268, 1598363412.330535, 1598363426.4399426, 1598363447.8561308, 1598363472.8995771, 1598363496.8066382, 1598363519.9055293, 1598363544.6647336, 1598363559.0863554, 1598363573.5708022, 1598363586.6286967, 1598363597.900868, 1598363623.8751078, 1598363648.977352, 1598363662.8243911, 1598363674.9135785, 1598363691.4769428, 1598363706.7009475, 1598363729.2187746, 1598363753.3892162, 1598363767.8551285, 1598363786.535862, 1598363807.4501367, 1598363836.0262578, 1598363856.2247674, 1598363869.833452, 1598363888.0689492, 1598363898.9562933, 1598363911.9554994, 1598363924.8954954, 1598363944.0009766, 1598363965.4987142, 1598363979.9451993, 1598363999.7761197, 1598364014.779841, 1598364026.0035574, 1598364045.7419755, 1598364059.1307747, 1598364085.5980139, 1598364110.0029924, 1598364139.494274, 1598364152.513647, 1598364165.1398525, 1598364187.5144653, 1598364210.8480043, 1598364231.6436322, 1598364250.7053216, 1598364263.823517, 1598364274.3603694, 1598364293.236413, 1598364312.9324903, 1598364335.6706057, 1598364358.6310194, 1598364370.2810516, 1598364392.0962052, 1598364416.2943697, 1598364430.9188802, 1598364442.1590905, 1598364461.5743868, 1598364484.8813944, 1598364508.7535467, 1598364529.7258244, 1598364543.0778716, 1598364566.4780905, 1598364588.4698527, 1598364599.515014, 1598364620.0870805, 1598364643.208198, 1598364665.0230114, 1598364675.1188295, 1598364688.619886, 1598364701.8057375, 1598364714.8490229, 1598364739.7730706, 1598364753.1270652, 1598364776.7627785, 1598364787.866344, 1598364806.0285048, 1598364818.6360223, 1598364842.9593174, 1598364865.8544312, 1598364882.6779766, 1598364897.5071619, 1598364912.1247416, 1598364926.0804062, 1598364949.0582213, 1598364962.296538, 1598364976.3846238, 1598365000.4068022, 1598365015.2793796, 1598365029.091907, 1598365051.5868716, 1598365069.781584, 1598365092.2152267, 1598365115.8909986, 1598365127.3187838, 1598365151.3739724, 1598365175.467459, 1598365186.6733158, 1598365205.951634, 1598365219.4780045, 1598365233.4765217, 1598365244.9443336, 1598365264.6068916, 1598365290.821073, 1598365314.2467132, 1598365329.274358, 1598365357.0076048, 1598365377.6187603, 1598365399.176142, 1598365426.6752176, 1598365450.941492, 1598365471.7422915, 1598365488.0257869, 1598365509.6174958, 1598365532.4426312, 1598365552.5867891, 1598365566.4712586, 1598365587.298087, 1598365607.0673018, 1598365629.070883, 1598365645.7558603, 1598365664.4454374, 1598365684.4727747, 1598365696.9068651, 1598365720.5752566, 1598365741.1893654, 1598365762.2968538, 1598365776.7635298, 1598365787.0273106, 1598365808.6451912, 1598365825.2598526, 1598365848.4613428, 1598365862.4383872, 1598365886.0937738, 1598365905.0726795, 1598365925.4546883, 1598365938.6853058, 1598365948.368224, 1598365969.1178193, 1598365989.0426385, 1598366014.6730573, 1598366031.8290305, 1598366046.6019185, 1598366059.5504465, 1598366081.638267, 1598366097.156613, 1598366112.5418127, 1598366133.3422182, 1598366149.3703966, 1598366171.3029156, 1598366182.8951893, 1598366205.5649433, 1598366228.040136, 1598366253.926218, 1598366275.018705, 1598366291.2456737, 1598366304.6537583, 1598366330.5535557, 1598366353.2735162, 1598366368.1616223, 1598366379.1624253, 1598366392.8027484, 1598366414.7435687, 1598366439.5654314, 1598366450.8104787, 1598366475.2858975, 1598366497.5427809, 1598366517.1246245, 1598366538.3692513, 1598366562.755498, 1598366578.6302764, 1598366601.8706431, 1598366618.7145207, 1598366644.4223888, 1598366655.9817033, 1598366675.417851, 1598366693.7835724, 1598366715.8596473, 1598366734.5232778, 1598366755.228766, 1598366771.415136, 1598366786.2483358, 1598366805.5034165, 1598366825.546177, 1598366845.743437, 1598366858.2774987, 1598366881.981554, 1598366898.6811824, 1598366916.756024, 1598366942.6726532, 1598366956.166711, 1598366977.84301, 1598367000.7455273, 1598367021.2321641, 1598367034.8167803, 1598367046.459932, 1598367067.6165547, 1598367081.4093876, 1598367097.7505493, 1598367118.0235443, 1598367140.3178997, 1598367153.0622916, 1598367173.7009525, 1598367193.342432, 1598367213.3003893, 1598367234.1194646, 1598367258.7756486, 1598367274.5952957, 1598367295.53525, 1598367310.2931232, 1598367326.7693322, 1598367345.9893193, 1598367360.2558837, 1598367373.9091237, 1598367399.1424985, 1598367417.9915981, 1598367447.4454546, 1598367470.1813815, 1598367486.8215642, 1598367498.8175387, 1598367511.7480679, 1598367537.6788716, 1598367562.717956, 1598367585.899099, 1598367605.1512542, 1598367617.0788097, 1598367631.0959017, 1598367653.9379792, 1598367667.139747, 1598367683.8088999, 1598367708.3673375, 1598367724.7444913, 1598367753.5548089, 1598367763.8139882, 1598367784.970314, 1598367806.28526, 1598367823.4657261, 1598367838.9322522, 1598367850.9841557, 1598367864.2098093, 1598367887.2347221, 1598367909.4048607, 1598367924.7647417, 1598367937.742756, 1598367957.8645809, 1598367974.0710053, 1598367988.197441, 1598368019.1954563, 1598368038.4548237, 1598368059.3581507, 1598368079.3593495, 1598368095.1593707, 1598368111.8871996, 1598368126.921412, 1598368139.6768608, 1598368161.389555, 1598368176.6820002, 1598368196.9068687, 1598368224.979514, 1598368251.5537913, 1598368275.5213006, 1598368303.2600899, 1598368324.197387, 1598368344.9831464, 1598368364.5624566, 1598368386.2172325, 1598368410.0888042, 1598368432.439497, 1598368450.2561646, 1598368466.9330127, 1598368483.6080716, 1598368500.0738382, 1598368510.9860132, 1598368531.2284057, 1598368544.0062041, 1598368563.0913186, 1598368582.083032, 1598368596.9145153, 1598368621.8901618, 1598368642.5013516, 1598368665.2193942, 1598368678.2232234, 1598368709.456877, 1598368724.431153, 1598368746.928106, 1598368769.4500055, 1598368792.061069, 1598368810.253019, 1598368821.5504868, 1598368838.096064, 1598368849.759985, 1598368863.8989782, 1598368889.2480474, 1598368906.602277, 1598368920.3356347, 1598368940.876135, 1598368961.677608, 1598368980.9824593, 1598368992.9428594, 1598369013.505533, 