{"initial_reset_timestamp": 1598373304.5316112, "timestamps": [1598373330.711151, 1598373344.4576502, 1598373359.0566576, 1598373386.0325952, 1598373405.3192208, 1598373423.6168692, 1598373442.1963477, 1598373459.3299835, 1598373469.084391, 1598373497.6142454, 1598373514.9241984, 1598373529.2184834, 1598373539.959049, 1598373558.8890784, 1598373582.1175463, 1598373598.3209424, 1598373611.0641177, 1598373626.9596064, 1598373646.726314, 1598373667.2022052, 1598373687.821309, 1598373702.1997113, 1598373715.1235561, 1598373734.2873492, 1598373745.641567, 1598373762.8391483, 1598373776.3519738, 1598373793.1097429, 1598373803.724311, 1598373822.9490502, 1598373831.3110108, 1598373842.8131711, 1598373853.880973, 1598373877.1321836, 1598373896.0558736, 1598373914.961604, 1598373931.6151037, 1598373946.025255, 1598373959.5705743, 1598373979.9889097, 1598373994.6549757, 1598374014.234155, 1598374025.3463562, 1598374044.0618587, 1598374056.1290405, 1598374068.6596818, 1598374083.4801824, 1598374094.0843716, 1598374112.8123288, 1598374128.5388308, 1598374145.2651749, 1598374165.5581226, 1598374183.789086, 1598374206.4397583, 1598374224.086323, 1598374245.4192142, 1598374262.2334418, 1598374279.9712749, 1598374302.9733453, 1598374317.259812, 1598374333.34542, 1598374352.5684774, 1598374368.8145442, 1598374386.3078454, 1598374403.1842988, 1598374421.040749, 1598374434.7370412, 1598374447.8934724, 1598374456.8085268, 1598374470.0709448, 1598374493.287428, 1598374510.535069, 1598374530.6095207, 1598374548.9665596, 1598374565.5756366, 1598374583.338408, 1598374600.4875746, 1598374609.2911718, 1598374626.7144158, 1598374640.5143843, 1598374660.9473848, 1598374683.6269264, 1598374697.4053073, 1598374716.9731662, 1598374728.441193, 1598374747.0018575, 1598374766.185582, 1598374780.1433203, 1598374798.6938653, 1598374810.822703, 1598374830.7341976, 1598374850.5988958, 1598374871.0588279, 1598374890.526852, 1598374900.6722953, 1598374919.9932358, 1598374937.4206398, 1598374951.9686382, 1598374967.3644373, 1598374981.7316682, 1598375003.2952855, 1598375024.473088, 1598375041.8544219, 1598375055.1019468, 1598375066.285972, 1598375087.5441644, 1598375106.4374495, 1598375118.7649574, 1598375128.0633662, 1598375143.9666078, 1598375165.7668943, 1598375180.374395, 1598375199.809835, 1598375211.8644807, 1598375226.4822936, 1598375246.136266, 1598375259.4574826, 1598375270.9283369, 1598375282.7350194, 1598375294.2004986, 1598375312.2060564, 1598375328.404701, 1598375343.860096, 1598375359.5196118, 1598375368.9255931, 1598375383.1737645, 1598375392.776468, 1598375412.7217512, 1598375422.0659099, 1598375441.5746033, 1598375457.0899067, 1598375482.5543664, 1598375498.015715, 1598375518.8464663, 1598375532.2940235, 1598375554.5934012, 1598375569.0551107, 1598375580.8889766, 1598375598.2937784, 1598375611.8149796, 1598375626.6369925, 1598375644.733879, 1598375657.338896, 1598375667.05463, 1598375685.497182, 1598375697.0652587, 1598375721.0917673, 1598375738.890621, 1598375755.2662117, 1598375772.6580167, 1598375784.8034465, 1598375806.8296542, 1598375820.1687067, 1598375843.404073, 1598375854.6681468, 1598375869.687237, 1598375887.9335747, 1598375908.9921646, 1598375921.489698, 1598375935.93718, 1598375948.6859493, 1598375968.838486, 1598375978.7160788, 1598376001.234231, 1598376023.8173792, 1598376037.3434079, 1598376055.0542667, 1598376067.032619, 1598376090.0428078, 1598376104.425634, 1598376115.556912, 1598376132.2622254, 1598376145.1467445, 1598376155.0230038, 1598376166.3438804, 1598376181.2652874, 1598376193.7694113, 1598376216.2692008, 1598376231.4520342, 1598376251.7521126, 1598376265.151552, 1598376289.1240284, 1598376304.8931823, 1598376323.5853307, 1598376339.8777115, 1598376353.7956235, 1598376380.1972883, 1598376392.7329779, 1598376411.4537165, 1598376425.0093782, 1598376438.1320975, 1598376462.4887397, 1598376476.1483958, 1598376498.1878085, 1598376512.1251562, 1598376526.7822738, 1598376540.3711026, 1598376558.7627037, 1598376577.450686, 1598376599.2031353, 1598376620.9531367, 1598376641.0801737, 1598376658.3580358, 1598376672.199156, 1598376691.017652, 1598376711.7753882, 1598376732.4590309, 1598376747.0523744, 1598376766.3665607, 1598376786.1903298, 1598376807.1940405, 1598376823.2011623, 1598376843.8499947, 1598376857.5744903, 1598376870.4948428, 1598376881.8207352, 1598376894.3457446, 1598376916.3471603, 1598376936.859216, 1598376955.4671237, 1598376971.2786608, 1598376985.2664993, 1598377006.159468, 1598377027.7916799, 1598377041.6156905, 1598377052.7076929, 1598377067.2863736, 1598377078.0387714, 1598377097.8558354, 1598377110.362554, 1598377120.2811303, 1598377141.4318306, 1598377155.5458465, 1598377174.298337, 1598377195.817915, 1598377207.7387066, 1598377228.1737273, 1598377238.565464, 1598377263.7819784, 1598377277.66459, 1598377294.6790416, 1598377322.5651789, 1598377344.4383864, 1598377358.1232555, 1598377375.9882243, 1598377393.4018364, 1598377403.2770476, 1598377426.3721852, 1598377449.3975928, 1598377472.6669848, 1598377499.2150345, 1598377512.265791, 1598377536.088097, 1598377557.1698747, 1598377573.414385, 1598377585.407304, 1598377603.9069371, 1598377618.657491, 1598377637.804278, 1598377649.5689662, 1598377662.1024952, 1598377677.1548357, 1598377692.397049, 1598377707.9742723, 1598377722.647202, 1598377744.0222783, 1598377757.703671, 1598377771.8853438, 1598377795.885842, 1598377814.2602983, 1598377833.2590876, 1598377848.447004, 1598377859.691138, 1598377880.2838898, 1598377901.6788971, 1598377924.7447321, 1598377938.214966, 1598377948.2290254, 1598377967.4285722, 1598377978.61183, 1598377998.0506246, 1598378006.8970215, 1598378021.6268811, 1598378031.9387755, 1598378053.6690402, 1598378067.7693946, 1598378087.0201588, 1598378108.2124393, 1598378126.19193, 1598378141.9727993, 1598378155.5509264, 1598378174.433359, 1598378186.411219, 1598378203.4980912, 1598378217.32042, 1598378234.845656, 1598378244.7040668, 1598378258.267391, 1598378270.0141888, 1598378285.0780692, 1598378303.5243464, 1598378313.502576, 1598378333.553236, 1598378351.7287567, 1598378360.7698946, 1598378382.1797948, 1598378400.6225078, 1598378419.4650216, 1598378430.8871913, 1598378450.5640578, 1598378467.393699, 1598378478.3995662, 1598378501.197952, 1598378520.9326477, 1598378541.155472, 1598378557.7520742, 1598378575.8277714, 1598378593.0027814, 1598378603.325501, 1598378620.661514, 1598378637.6027873, 1598378656.619546, 1598378670.5241618, 1598378681.725416, 1598378693.6120481, 1598378714.2307007, 1598378733.1420257, 1598378742.9496317, 1598378753.9987998, 1598378764.5080416, 1598378783.109032, 1598378799.4333289, 1598378815.3936439, 1598378837.7439086, 1598378857.226665, 1598378876.1105628, 1598378893.7548652, 1598378911.7593749, 1598378932.9033065, 1598378952.405688, 1598378973.5799968, 1598378993.0119398, 1598379006.282686, 1598379029.1916223, 1598379043.4723208, 1598379061.9453743, 1598379080.735391, 1598379101.4726605, 1598379113.3104994, 1598379134.7211924, 1598379154.2803817, 1598379166.0475488, 1598379186.6446068, 1598379204.4839294, 1598379216.2273002, 1598379232.7706602, 1598379247.491946, 1598379265.0981877, 1598379286.5336747, 1598379313.4762957, 1598379332.87968, 1598379352.0636625, 1598379373.6340358, 1598379392.6996028, 1598379411.7587438, 1598379428.994144, 1598379446.182032, 1598379459.0886412, 1598379478.596381, 1598379498.0194798, 1598379515.7801583, 1598379538.0377157, 1598379547.8671942, 1598379566.8389976, 1598379588.287807, 1598379606.5940475, 1598379622.9663439, 1598379643.42927, 1598379656.3972945, 1598379676.6944866, 1598379690.3127038, 1598379710.359515, 1598379723.279443, 1598379743.8926737, 1598379762.8759186, 1598379771.3696756, 1598379782.7449987, 1598379799.7514849, 1598379812.4305115, 1598379827.0996962, 1598379842.8657072, 1598379858.5947154, 1598379881.0665295, 1598379902.3372655, 1598379919.7318244, 1598379932.779193, 1598379946.663098, 1598379959.2353177, 1598379980.2827952, 1598379989.5857882, 1598380007.9841526, 1598380019.5502512, 