{"initial_reset_timestamp": 1598440155.8694727, "timestamps": [1598440174.9905028, 1598440184.3344061, 1598440195.3231928, 1598440214.2879448, 1598440232.430493, 1598440256.0206292, 1598440276.6074593, 1598440287.6350915, 1598440302.5401525, 1598440322.1854649, 1598440339.474725, 1598440358.052723, 1598440374.2961717, 1598440389.637673, 1598440399.746588, 1598440424.4190683, 1598440437.4294384, 1598440458.9493415, 1598440468.2451591, 1598440479.5515466, 1598440490.9564493, 1598440500.416134, 1598440509.7186081, 1598440525.5807588, 1598440542.4288363, 1598440559.6678805, 1598440574.7805731, 1598440583.7537518, 1598440602.1771853, 1598440621.8535001, 1598440631.0644913, 1598440647.2294526, 1598440668.628553, 1598440685.2851017, 1598440698.1770349, 1598440716.5403664, 1598440732.4668465, 1598440744.7158797, 1598440765.6019533, 1598440776.433078, 1598440794.7165065, 1598440813.897185, 1598440836.3427, 1598440848.707777, 1598440868.0648177, 1598440887.8807888, 1598440906.047487, 1598440926.0094838, 1598440948.555978, 1598440962.9663873, 1598440976.1817968, 1598440995.2695093, 1598441014.728767, 1598441033.9025648, 1598441052.9584665, 1598441067.72359, 1598441090.8494496, 1598441104.0196319, 1598441116.731972, 1598441136.3113194, 1598441152.5274227, 1598441168.936243, 1598441185.0432365, 1598441202.3490493, 1598441224.9295144, 1598441245.2206004, 1598441262.5449367, 1598441283.8473952, 1598441306.5921462, 1598441325.0346239, 1598441349.415788, 1598441374.3896627, 1598441388.60056, 1598441410.2515652, 1598441428.095309, 1598441437.8929143, 1598441460.8659189, 1598441477.8681626, 1598441490.3391044, 1598441502.9825268, 1598441515.902992, 1598441538.1759946, 1598441559.2962983, 1598441577.4551878, 1598441587.237737, 1598441605.773068, 1598441615.2862928, 1598441633.9878585, 1598441647.8212588, 1598441668.89561, 1598441679.3216078, 1598441697.020624, 1598441709.720979, 1598441725.9016824, 1598441740.1524687, 1598441752.8091247, 1598441769.5431762, 1598441790.6451466, 1598441809.1597083, 1598441825.7816484, 1598441840.5677922, 1598441859.9092104, 1598441878.6920264, 1598441890.619661, 1598441901.143266, 1598441920.0085802, 1598441942.1676142, 1598441951.6139736, 1598441971.571237, 1598441983.9459019, 1598442003.3189368, 1598442022.479269, 1598442044.1950514, 1598442053.6333568, 1598442065.1976757, 1598442090.8714366, 1598442102.3736942, 1598442113.7152607, 1598442130.1538284, 1598442152.3120537, 1598442167.4205334, 1598442176.667025, 1598442197.4646313, 1598442206.1265519, 1598442223.387508, 1598442233.5768085, 1598442253.5812557, 1598442271.918526, 1598442287.83511, 1598442304.7429209, 1598442325.7424972, 1598442343.497471, 1598442363.6773674, 1598442371.9961402, 1598442391.6534517, 1598442403.4419076, 1598442414.0474699, 1598442428.5782971, 1598442448.543802, 1598442467.572609, 1598442487.4540596, 1598442505.4955554, 1598442518.3974884, 1598442532.41007, 1598442553.431985, 1598442574.069726, 1598442586.4282472, 1598442597.2929494, 1598442610.7546518, 1598442633.154819, 1598442650.6393545, 1598442670.290281, 1598442695.3561862, 1598442710.723599, 1598442730.0017045, 1598442752.6207573, 1598442773.4597344, 1598442793.4154117, 1598442809.8084414, 1598442829.5257874, 1598442849.8695493, 1598442860.5112877, 1598442873.5284922, 1598442898.6845975, 1598442916.6740775, 1598442931.570608, 1598442952.4975567, 1598442969.5569174, 1598442999.2080154, 1598443009.6012008, 1598443029.367998, 1598443048.6026556, 1598443063.3559756, 1598443078.4132738, 1598443104.1104805, 1598443123.7956316, 1598443149.262517, 1598443172.933839, 1598443186.860232, 1598443202.8952885, 1598443215.7086143, 1598443225.3125923, 1598443247.0385296, 1598443272.636215, 1598443291.5789962, 1598443310.2214465, 1598443320.5030558, 1598443347.359497, 1598443374.1736164, 1598443384.0697227, 1598443405.914358, 1598443427.1768358, 1598443451.5073779, 1598443475.0038939, 1598443491.8162968, 1598443511.3273318, 1598443534.9916296, 1598443549.883294, 1598443559.083359, 1598443570.4001482], "episode_lengths": [65, 29, 35, 65, 61, 82, 71, 35, 49, 67, 59, 64, 55, 51, 33, 87, 43, 74, 29, 36, 37, 30, 29, 52, 56, 60, 52, 28, 64, 69, 30, 56, 76, 57, 44, 65, 56, 41, 74, 35, 63, 68, 79, 40, 67, 68, 62, 69, 79, 48, 44, 65, 69, 67, 67, 49, 81, 44, 42, 68, 54, 55, 56, 58, 80, 71, 60, 75, 77, 63, 83, 81, 47, 74, 62, 32, 79, 57, 41, 41, 43, 77, 73, 62, 31, 64, 30, 64, 46, 73, 34, 61, 42, 55, 48, 42, 57, 73, 64, 56, 50, 67, 65, 39, 34, 65, 77, 30, 69, 41, 68, 67, 76, 30, 38, 91, 38, 37, 56, 78, 51, 29, 72, 27, 59, 33, 69, 63, 54, 58, 73, 61, 70, 26, 68, 39, 34, 49, 70, 66, 69, 62, 43, 47, 73, 69, 40, 35, 45, 78, 60, 68, 87, 51, 66, 79, 71, 69, 56, 68, 70, 34, 43, 88, 61, 50, 72, 57, 104, 33, 68, 66, 49, 50, 90, 67, 89, 82, 47, 54, 42, 31, 75, 88, 65, 64, 33, 94, 94, 31, 75, 72, 85, 81, 57, 66, 83, 50, 29, 37], "episode_rewards": [88.0, 40.0, 44.0, 91.0, 85.0, 107.0, 91.0, 45.0, 62.0, 85.0, 73.0, 83.0, 72.0, 73.0, 41.0, 106.0, 55.0, 91.0, 41.0, 45.0, 45.0, 39.0, 42.0, 64.0, 70.0, 71.0, 64.0, 39.0, 84.0, 85.0, 35.0, 74.0, 92.0, 74.0, 64.0, 78.0, 74.0, 54.0, 91.0, 43.0, 87.0, 84.0, 106.0, 49.0, 88.0, 94.0, 85.0, 89.0, 96.0, 59.0, 55.0, 84.0, 84.0, 84.0, 90.0, 63.0, 102.0, 56.0, 50.0, 85.0, 73.0, 69.0, 74.0, 79.0, 101.0, 87.0, 79.0, 92.0, 94.0, 83.0, 100.0, 107.0, 59.0, 87.0, 78.0, 44.0, 101.0, 80.0, 54.0, 52.0, 52.0, 100.0, 90.0, 80.0, 43.0, 83.0, 42.0, 83.0, 58.0, 93.0, 41.0, 79.0, 53.0, 70.0, 63.0, 50.0, 74.0, 95.0, 83.0, 73.0, 70.0, 86.0, 83.0, 48.0, 43.0, 82.0, 102.0, 40.0, 90.0, 52.0, 90.0, 84.0, 93.0, 39.0, 50.0, 116.0, 44.0, 49.0, 78.0, 103.0, 74.0, 41.0, 90.0, 37.0, 78.0, 40.0, 86.0, 83.0, 71.0, 68.0, 96.0, 79.0, 87.0, 33.0, 84.0, 52.0, 40.0, 69.0, 88.0, 83.0, 90.0, 81.0, 52.0, 66.0, 91.0, 94.0, 51.0, 47.0, 54.0, 98.0, 83.0, 88.0, 110.0, 75.0, 85.0, 110.0, 101.0, 91.0, 81.0, 86.0, 89.0, 44.0, 63.0, 112.0, 77.0, 69.0, 100.0, 70.0, 126.0, 45.0, 87.0, 88.0, 63.0, 59.0, 117.0, 94.0, 111.0, 112.0, 60.0, 78.0, 55.0, 39.0, 95.0, 112.0, 89.0, 81.0, 46.0, 120.0, 119.0, 39.0, 95.0, 94.0, 113.0, 105.0, 74.0, 88.0, 107.0, 63.0, 40.0, 47.0], "episode_types": ["t", "t", "t", "t", "t", "t", "t", "t", "t", "t", "t", "t", "t", "t", "t", "t", "t", "t", "t", "t", "t", "t", "t", "t", "t", "t", "t", "t", "t", "t", "t", "t", "t", "t", "t", "t", "t", "t", "t", "t", "t", "t", "t", "t", "t", "t", "t", "t", "t", "t", "t", "t", "t", "t", "t", "t", "t", "t", "t", "t", "t", "t", "t", "t", "t", "t", "t", "t", "t", "t", "t", "t", "t", "t", "t", "t", "t", "t", "t", "t", "t", "t", "t", "t", "t", "t", "t", "t", "t", "t", "t", "t", "t", "t", "t", "t", "t", "t", "t", "t", "t", "t", "t", "t", "t", "t", "t", "t", "t", "t", "t", "t", "t", "t", "t", "t", "t", "t", "t", "t", "t", "t", "t", "t", "t", "t", "t", "t", "t", "t", "t", "t", "t", "t", "t", "t", "t", "t", "t", "t", "t", "t", "t", "t", "t", "t", "t", "t", "t", "t", "t", "t", "t", "t", "t", "t", "t", "t", "t", "t", "t", "t", "t", "t", "t", "t", "t", "t", "t", "t", "t", "t", "t", "t", "t", "t", "t", "t", "t", "t", "t", "t", "t", "t", "t", "t", "t", "t", "t", "t", "t", "t", "t", "t", "t", "t", "t", "t", "t", "t"]}