{"initial_reset_timestamp": 1598348924.384246, "timestamps": [1598348939.611862, 1598348955.5563333, 1598348974.7085488, 1598348992.5833778, 1598349008.1480136, 1598349022.5592306, 1598349035.8726003, 1598349047.824852, 1598349056.753247, 1598349075.0516798, 1598349087.7112694, 1598349106.2754173, 1598349125.2633948, 1598349144.1597834, 1598349162.059407, 1598349182.2356474, 1598349203.0286324, 1598349225.5981455, 1598349243.6631906, 1598349266.6895063, 1598349287.5285516, 1598349305.4866781, 1598349323.1366258, 1598349340.1970375, 1598349362.480526, 1598349382.342024, 1598349403.636895, 1598349426.1605787, 1598349450.0398252, 1598349472.4556231, 1598349490.9317815, 1598349510.633242, 1598349542.5182724, 1598349566.7264383, 1598349580.2255633, 1598349603.1271257, 1598349619.591564, 1598349640.2612786, 1598349662.9546402, 1598349683.1641407, 1598349702.1614826, 1598349725.090761, 1598349744.9764144, 1598349767.109147, 1598349788.1587439, 1598349805.7058842, 1598349825.7566316, 1598349852.732994, 1598349873.2302241, 1598349898.2608213, 1598349923.0807972, 1598349948.9129815, 1598349969.9057329, 1598349997.2757094, 1598350027.9618673, 1598350057.0085225, 1598350079.6024508, 1598350098.6737697, 1598350118.5592763, 1598350133.5119562, 1598350158.2817595, 1598350181.396031, 1598350199.1251373, 1598350212.5693157, 1598350232.9236522, 1598350252.6172912, 1598350275.453607, 1598350296.2389667, 1598350318.9714165, 1598350343.5251026, 1598350364.9180899, 1598350381.7145624, 1598350402.2150867, 1598350413.541824, 1598350428.7094214, 1598350445.6253674, 1598350460.9211478, 1598350481.5051417, 1598350492.031315, 1598350513.51128, 1598350535.4157994, 1598350552.1461916, 1598350562.3782463, 1598350586.6224506, 1598350606.994952, 1598350623.5001724, 1598350645.0753043, 1598350666.4430144, 1598350681.0968943, 1598350698.5368967, 1598350720.9165301, 1598350742.0359337, 1598350755.1805694, 1598350774.599683, 1598350795.0273178, 1598350815.4913614, 1598350834.5191925, 1598350855.4935403, 1598350879.427616, 1598350896.9595802, 1598350922.9610705, 1598350945.4087608, 1598350970.0523334, 1598350990.080623, 1598351012.0504007, 1598351033.1980739, 1598351056.7250257, 1598351081.669387, 1598351093.7306335, 1598351118.6551623, 1598351136.547786, 1598351158.0971327, 1598351181.6913602, 1598351200.5389845, 1598351221.8603358, 1598351241.7385774, 1598351264.0489678, 1598351288.2471857, 1598351314.8988862, 1598351333.5971441, 1598351354.6588638, 1598351375.0818841, 1598351396.2218306, 1598351418.990324, 1598351436.9321585, 1598351459.841391, 1598351480.97483, 1598351498.5948026, 1598351520.755109, 1598351543.257224, 1598351566.2903843, 1598351582.6985953, 1598351607.8482993, 1598351624.3365386, 1598351645.9802704, 1598351670.864501, 1598351692.0194962, 1598351720.3980367, 1598351737.7062814, 1598351756.9064069, 1598351779.1506479, 1598351800.5645716, 1598351820.3533363, 1598351836.6219902, 1598351855.9526768, 1598351875.4941304, 1598351893.578112, 1598351912.8328147, 1598351937.8948922, 1598351958.7682328, 1598351977.6610558, 1598351997.7092388, 1598352016.1109304, 1598352037.317405, 1598352058.15391, 1598352080.492588, 1598352101.0881236, 1598352118.419566, 1598352139.9487967, 1598352165.0160341, 1598352186.9225643, 1598352207.3188384, 1598352229.5552945, 1598352250.9483163, 1598352266.0812984, 1598352283.761445, 1598352305.9598331, 1598352324.6709778, 1598352344.3990092, 1598352363.7144856, 1598352382.9029698, 1598352403.9009182, 1598352424.1228135, 1598352453.3531506, 1598352467.6824222, 1598352485.4303834, 1598352505.224223, 1598352528.4329262, 1598352548.1845512, 1598352572.935063, 1598352593.95236, 1598352612.8210473, 1598352633.507444, 1598352658.8986053, 1598352678.5720599, 1598352702.1350796, 1598352717.196385, 1598352742.3332946, 1598352764.6621795, 1598352781.8545687, 1598352804.8891704, 1598352826.3453562, 1598352846.8072245, 1598352865.4963026, 1598352882.1202564, 1598352896.4306602, 1598352917.1351202, 1598352939.8167274, 1598352963.8722372, 1598352987.400649, 1598353013.976906, 1598353034.9940348, 1598353056.1051276, 1598353074.5356529, 1598353096.6126063, 1598353118.9445322, 1598353134.8725884, 1598353156.29801, 1598353172.7196329, 1598353190.621665, 1598353208.44261, 1598353232.6859632, 1598353258.3097599, 1598353289.3909807, 1598353314.3401713, 1598353341.8104334, 1598353367.332927, 1598353386.1695547, 1598353403.8026779, 1598353428.7787755, 1598353451.9908144, 1598353471.0838027, 1598353489.0189028, 1598353509.0152938, 1598353528.905704, 1598353554.161717, 1598353575.416665, 1598353594.5439758, 1598353614.2220476, 1598353634.6722083, 1598353660.0557876, 1598353677.8564858, 1598353695.1350892, 1598353717.8439791, 1598353740.4084222, 1598353755.9284434, 1598353774.389546, 1598353792.3080678, 1598353816.5467873, 1598353844.8845966, 1598353864.6268663, 1598353889.742895, 1598353901.3728156, 1598353922.7572646, 1598353942.795586, 1598353965.3350286, 1598353988.1463108, 1598354006.5991495, 1598354033.2151563, 1598354057.2605276, 1598354082.4941523, 1598354097.927139, 1598354118.5872483, 1598354139.1562247, 1598354157.077292, 1598354180.4410148, 1598354202.8257287, 1598354224.2802253, 1598354242.4225864, 1598354265.6252086, 1598354287.1598833, 1598354309.618943, 1598354324.1857018, 1598354354.207229, 1598354382.7527726, 1598354410.9285376, 1598354436.1319702, 1598354460.5969067, 1598354483.699262, 1598354504.3605616, 1598354513.1498573, 1598354534.0049126, 1598354556.2495525, 1598354574.9132078, 1598354599.5678265, 1598354621.7832658, 1598354645.579966, 1598354664.808731, 1598354684.629824, 1598354700.791247, 1598354719.7885766, 1598354740.5444565, 1598354767.4814093, 1598354787.9486914, 1598354814.7921593, 1598354834.7474098, 1598354857.9489899, 1598354874.9990613, 1598354895.887116, 1598354912.2777095, 1598354936.3363504, 1598354957.068124, 1598354977.84311, 1598354999.3088965, 1598355022.4392674, 1598355047.0236611, 1598355064.3999784, 1598355083.320434, 1598355094.0670202, 1598355120.7372048, 1598355134.8030584, 1598355160.7084727, 1598355184.3509104, 1598355204.4524662, 1598355228.0652442, 1598355248.5058846, 1598355273.9023926, 1598355296.2729833, 1598355316.791015, 1598355341.0538766, 1598355354.437178, 1598355373.099985, 1598355396.478497, 1598355415.3940024, 1598355435.8073928, 1598355456.8937705, 1598355483.366858, 1598355492.5500376, 1598355509.4148488, 1598355526.1458476, 1598355544.0250266, 1598355557.4244032, 1598355583.6573546, 1598355603.6028314, 1598355625.3473513, 1598355645.3124487, 1598355667.8834558, 1598355690.9559338, 1598355714.5803473, 1598355733.3604364, 1598355748.6826687, 1598355777.7796035, 1598355807.3469017, 1598355826.2658298, 1598355848.5862968, 1598355872.0565708, 1598355894.6779017, 1598355923.2348037, 1598355948.6877203, 1598355972.343716, 1598355997.3934412, 1598356021.9974012, 1598356045.8750985, 1598356070.074457, 1598356089.632356, 1598356111.5830073, 1598356135.1266747, 1598356154.99859, 1598356178.9783993, 1598356191.942761, 1598356213.420017, 1598356237.63852, 1598356254.041331, 1598356282.5485566, 1598356302.6579487, 1598356331.3964942, 1598356353.831174, 1598356379.3347604, 1598356413.8929937, 1598356445.2609818, 1598356472.7200336, 1598356500.3730252, 1598356520.9322083, 1598356541.3644304, 1598356561.9115162, 1598356584.0117874, 1598356602.0903642, 1598356615.346266, 1598356637.671938, 1598356663.995273, 1598356687.2860625, 1598356709.6663659, 1598356729.1218855, 1598356743.1720521, 1598356769.6159706, 1598356791.6233165, 1598356812.588326, 1598356838.4453304, 1598356854.8032389, 1598356872.2184267, 1598356897.2596488, 1598356927.830017, 1598356942.5708199, 1598356964.3014085, 1598356988.4724245, 1598357013.2399764, 1598357037.9943836, 1598357051.456216, 1598357074.5148296, 1598357085.6879911, 1598357100.371969, 1598357122.245279, 1598357147.6496634, 1598357169.0292437, 1598357196.0537953, 1598357220.9095206, 1598357239.0805485, 1598357259.4472835, 1598357279.0250268, 1598357298.4992337, 1598357320.3183172, 